{
  "final": {
    "sma": 42,
    "ms": 18,
    "ml": 127,
    "n_snap": 3,
    "snap_int": 93,
    "drift": 0.01
  },
  "Cal": 5.92609932893615,
  "plateau_drop_pct": 30.873805720281037
}